日期,时间,CH1,CH2,CH3,CH4,CH5,CH6,COLD
2025/8/15,13:26:17,27.6,27.78,27.76,26.32,26.19,24.37,24.06
2025/8/15,13:26:19,27.64,27.8,27.76,26.33,26.21,24.41,24.07
2025/8/15,13:26:21,27.83,28.01,28.01,26.35,26.19,24.41,24.07
2025/8/15,13:26:23,28.08,28.32,28.35,26.35,26.23,24.42,24.07
2025/8/15,13:26:25,28.28,29.07,28.94,26.39,26.23,24.42,24.07
2025/8/15,13:26:27,28.8,30.05,29.78,26.42,26.23,24.42,24.06
2025/8/15,13:26:29,29.57,30.8,30.6,26.5,26.3,24.48,24.06
2025/8/15,13:26:31,30.26,32.14,32.11,26.62,26.37,24.55,24.06
2025/8/15,13:26:33,31.6,33.88,33.95,26.75,26.44,24.64,24.06
2025/8/15,13:26:35,33.61,35.2,35.34,27.07,26.57,24.76,24.05
2025/8/15,13:26:37,35.38,37.43,37.67,27.53,26.73,24.85,24.05
2025/8/15,13:26:39,38.43,39.97,40.2,28.07,26.85,24.94,24.05
2025/8/15,13:26:41,41.78,42.82,42,28.46,27.05,25.03,24.04
2025/8/15,13:26:43,44.1,44.88,45.03,29.07,27.3,25.17,24.04
2025/8/15,13:26:45,47.64,48.07,48.46,29.64,27.51,25.21,24.04
2025/8/15,13:26:47,51.24,51.57,50.86,30.03,27.82,25.32,24.03
2025/8/15,13:26:49,53.67,54.07,54.6,30.57,28.19,25.41,24.03
2025/8/15,13:26:51,57.35,57.92,58.52,31.17,28.46,25.51,24.03
2025/8/15,13:26:53,61.03,61.89,61.24,31.57,28.89,25.64,24.03
2025/8/15,13:26:55,64.68,64.51,65.46,32.2,29.35,25.76,24.03
2025/8/15,13:26:57,67.12,68.45,69.76,32.88,29.83,25.85,24.03
2025/8/15,13:26:59,70.81,72.37,73.93,33.31,30.17,25.96,24.02
2025/8/15,13:27:01,74.56,75.01,76.59,34.07,30.71,26.14,24.02
2025/8/15,13:27:03,77.14,78.95,80.35,34.85,31.3,26.23,24.02
2025/8/15,13:27:05,81.07,82.9,83.85,35.38,31.69,26.44,24.02
2025/8/15,13:27:07,85.12,85.5,86.01,36.17,32.35,26.64,24.02
2025/8/15,13:27:09,87.9,89.48,89.07,37.17,33.03,26.78,24.02
2025/8/15,13:27:11,92.17,93.65,91.9,37.77,33.5,27.01,24.02
2025/8/15,13:27:13,96.57,96.45,93.68,38.75,34.21,27.28,24.02
2025/8/15,13:27:15,99.6,100.67,96.28,39.78,34.95,27.44,24.02
2025/8/15,13:27:17,104.18,104.71,98.84,40.54,35.43,27.71,24.02
2025/8/15,13:27:19,108.89,107.29,100.43,41.7,36.1,28,24.02
2025/8/15,13:27:21,112.01,110.82,102.78,42.89,36.86,28.19,24.02
2025/8/15,13:27:23,116.73,114.03,105.04,44.11,37.36,28.51,24.02
2025/8/15,13:27:25,121.54,117.01,106.56,44.96,38.13,28.87,24.02
2025/8/15,13:27:27,124.76,118.9,108.84,46.24,38.89,29.23,24.02
2025/8/15,13:27:29,129.55,121.65,111.2,47.6,39.42,29.46,24.02
2025/8/15,13:27:31,134.38,124.25,112.79,48.5,40.25,29.85,24.02
2025/8/15,13:27:33,137.62,125.98,115.15,49.84,41.07,30.3,24.03
2025/8/15,13:27:35,142.44,128.46,117.4,51.32,41.6,30.64,24.03
2025/8/15,13:27:37,147.25,130.93,118.89,52.28,42.4,31.14,24.03
2025/8/15,13:27:39,150.43,132.63,121.12,53.77,43.22,31.66,24.03
2025/8/15,13:27:41,155.18,135.3,123.34,55.28,43.77,32,24.04
2025/8/15,13:27:43,159.88,138.16,124.87,56.35,44.54,32.6,24.04
2025/8/15,13:27:45,163,140.12,127.2,57.9,45.29,33.21,24.04
2025/8/15,13:27:47,167.55,143.18,129.53,59.49,46.11,33.61,24.04
2025/8/15,13:27:49,172.06,146.3,131.84,60.54,46.68,34.21,24.05
2025/8/15,13:27:51,176.46,148.36,133.38,62.21,47.5,34.77,24.05
2025/8/15,13:27:53,179.37,151.4,135.56,63.95,48.32,35.11,24.05
2025/8/15,13:27:55,183.62,154.41,137.65,65.1,48.9,35.6,24.05
2025/8/15,13:27:57,187.81,156.38,139.03,66.84,49.81,36.1,24.06
2025/8/15,13:27:59,190.52,159.36,141.09,68.59,50.75,36.38,24.06
2025/8/15,13:28:01,194.53,162.25,143.09,69.79,51.4,36.75,24.06
2025/8/15,13:28:03,198.46,164.15,144.43,71.57,52.46,37.21,24.06
2025/8/15,13:28:05,201.06,167,146.46,73.4,53.5,37.53,24.07
2025/8/15,13:28:07,204.83,169.78,148.46,74.54,54.15,38.03,24.07
2025/8/15,13:28:09,208.49,171.59,149.75,76.43,55.17,38.5,24.07
2025/8/15,13:28:11,210.87,174.3,151.66,78.31,56.17,38.96,24.07
2025/8/15,13:28:13,214.38,176.9,153.58,79.51,56.85,39.27,24.07
2025/8/15,13:28:15,217.78,179.46,154.84,81.35,57.85,39.78,24.07
2025/8/15,13:28:17,220.03,181.12,156.65,83.2,58.89,40.28,24.08
2025/8/15,13:28:19,223.25,183.5,158.37,85.03,59.6,40.53,24.08
2025/8/15,13:28:21,226.38,185.8,159.53,86.29,60.67,40.89,24.08
2025/8/15,13:28:23,228.4,187.28,161.19,88.17,61.72,41.17,24.08
2025/8/15,13:28:25,231.34,189.4,162.81,90.1,62.49,41.35,24.08
2025/8/15,13:28:27,234.16,191.43,163.83,91.34,63.61,41.59,24.08
2025/8/15,13:28:29,236.03,192.75,165.31,93.28,64.75,41.89,24.09
2025/8/15,13:28:31,238.66,194.68,166.75,95.23,65.51,42.17,24.09
2025/8/15,13:28:33,241.25,196.59,167.69,96.42,66.65,42.65,24.09
2025/8/15,13:28:35,242.93,197.81,169.11,98.31,67.87,42.97,24.09
2025/8/15,13:28:37,245.31,199.69,170.5,100.26,69.12,43.18,24.09
2025/8/15,13:28:39,247.63,201.53,171.93,101.54,69.93,43.47,24.1
2025/8/15,13:28:41,249.84,202.72,172.88,103.45,71.12,43.79,24.11
2025/8/15,13:28:43,251.27,204.49,174.28,105.29,72.37,44.03,24.11
2025/8/15,13:28:45,253.34,206.21,175.63,106.6,73.2,44.46,24.12
2025/8/15,13:28:47,255.36,207.36,176.53,108.48,74.42,44.75,24.12
2025/8/15,13:28:49,256.68,209.02,177.84,110.37,75.62,44.96,24.13
2025/8/15,13:28:51,258.62,210.65,179.15,111.59,76.43,45.29,24.13
2025/8/15,13:28:53,260.48,211.72,179.97,113.34,77.57,45.64,24.13
2025/8/15,13:28:55,261.68,213.33,181.24,115.2,78.68,45.89,24.13
2025/8/15,13:28:57,263.43,214.9,182.43,117.07,79.4,46.27,24.13
2025/8/15,13:28:59,265.13,216.44,183.21,118.35,80.51,46.68,24.14
2025/8/15,13:29:01,266.23,217.44,184.34,120.12,81.57,47.07,24.14
2025/8/15,13:29:03,267.81,218.93,185.4,121.95,82.29,47.25,24.14
2025/8/15,13:29:05,269.31,220.37,186.13,123.1,83.37,47.42,24.15
2025/8/15,13:29:07,270.27,221.34,187.19,124.84,84.45,47.57,24.15
2025/8/15,13:29:09,271.68,222.71,188.22,126.51,85.18,47.74,24.15
2025/8/15,13:29:11,273.04,224.08,188.96,127.64,86.18,48.04,24.16
2025/8/15,13:29:13,273.92,224.93,190.02,129.21,87.18,48.39,24.16
2025/8/15,13:29:15,275.12,226.19,191.09,130.87,88.15,48.57,24.17
2025/8/15,13:29:17,276.3,227.34,192.15,131.84,88.87,48.96,24.17
2025/8/15,13:29:19,277.37,228.09,192.84,133.37,89.93,49.42,24.17
2025/8/15,13:29:21,278.08,229.16,193.81,134.91,91.04,49.63,24.18
2025/8/15,13:29:23,279.12,230.16,194.75,135.96,91.68,50,24.18
2025/8/15,13:29:25,280.06,230.81,195.37,137.46,92.68,50.38,24.18
2025/8/15,13:29:27,280.68,231.78,196.25,138.96,93.7,50.64,24.18
2025/8/15,13:29:29,281.56,232.68,197.12,139.88,94.37,50.95,24.18
2025/8/15,13:29:31,282.41,233.28,197.71,141.28,95.34,51.29,24.19
2025/8/15,13:29:33,282.93,234.15,198.53,142.65,96.32,51.5,24.19
2025/8/15,13:29:35,283.68,235,199.31,144,96.98,51.53,24.19
2025/8/15,13:29:37,284.41,235.83,199.81,144.87,97.84,51.85,24.19
2025/8/15,13:29:39,284.86,236.34,200.52,146.12,98.79,52.24,24.2
2025/8/15,13:29:41,285.48,237.12,201.18,147.43,99.45,52.45,24.2
2025/8/15,13:29:43,286.07,237.88,201.59,148.21,100.45,52.82,24.2
2025/8/15,13:29:45,286.5,238.41,202.25,149.43,101.43,53.09,24.21
2025/8/15,13:29:47,287.06,239.18,202.86,150.65,102.07,53.24,24.21
2025/8/15,13:29:49,287.57,239.97,203.22,151.4,102.98,53.5,24.22
2025/8/15,13:29:51,287.93,240.52,203.75,152.5,103.79,53.78,24.22
2025/8/15,13:29:53,288.39,241.37,204.24,153.63,104.37,53.99,24.22
2025/8/15,13:29:55,288.85,242.28,204.58,154.34,105.21,54.17,24.23
2025/8/15,13:29:57,289.13,242.81,205.06,155.41,106.04,54.32,24.24
2025/8/15,13:29:59,289.51,243.63,205.53,156.38,106.54,54.42,24.24
2025/8/15,13:30:01,289.87,244.43,205.88,157.02,107.31,54.57,24.24
2025/8/15,13:30:03,290.24,245,206.46,158,108.09,54.71,24.25
2025/8/15,13:30:05,290.44,245.81,207.03,158.9,108.95,54.81,24.25
2025/8/15,13:30:07,290.75,246.66,207.58,159.52,109.51,54.97,24.26
2025/8/15,13:30:09,291,247.21,207.96,160.43,110.37,55.13,24.26
2025/8/15,13:30:11,291.18,248.03,208.56,161.34,111.23,55.25,24.26
2025/8/15,13:30:13,291.38,248.78,209.22,161.93,111.76,55.36,24.26
2025/8/15,13:30:15,291.61,249.25,209.68,162.74,112.53,55.53,24.26
2025/8/15,13:30:17,291.74,249.93,210.37,163.52,113.26,55.63,24.27
2025/8/15,13:30:19,291.92,250.5,211.05,163.96,113.73,55.82,24.27
2025/8/15,13:30:21,292.06,250.87,211.47,164.59,114.43,55.99,24.27
2025/8/15,13:30:23,292.13,251.37,212.02,165.16,115.06,56.2,24.27
2025/8/15,13:30:25,292.27,251.83,212.5,165.61,115.54,56.56,24.28
2025/8/15,13:30:27,292.37,252.12,212.75,166.24,116.23,56.78,24.28
2025/8/15,13:30:29,292.39,252.5,213.03,166.9,116.89,56.9,24.28
2025/8/15,13:30:31,292.44,252.84,213.24,167.59,117.35,56.89,24.28
2025/8/15,13:30:34,292.48,253.13,213.36,168.03,118.04,57.14,24.29
2025/8/15,13:30:36,292.49,253.33,213.53,168.65,118.71,57.32,24.29
2025/8/15,13:30:38,292.52,253.61,213.77,169.27,119.15,57.42,24.3
2025/8/15,13:30:39,292.54,253.84,213.9,169.68,119.81,57.71,24.3
2025/8/15,13:30:42,292.54,254,214.11,170.22,120.43,57.85,24.31
2025/8/15,13:30:44,292.5,254.18,214.37,170.72,120.84,57.84,24.31
2025/8/15,13:30:46,292.49,254.37,214.62,171.09,121.46,58,24.31
2025/8/15,13:30:48,292.44,254.5,214.83,171.62,122.01,58.06,24.32
2025/8/15,13:30:50,292.42,254.68,215.02,172.18,122.56,58.06,24.32
2025/8/15,13:30:52,292.35,254.9,215.19,172.5,122.87,58.07,24.32
2025/8/15,13:30:54,292.27,255.03,215.31,173.03,123.4,58.07,24.33
2025/8/15,13:30:56,292.22,255.28,215.52,173.46,123.96,58.11,24.33
2025/8/15,13:30:58,292.12,255.53,215.71,173.77,124.34,58.21,24.33
2025/8/15,13:31:00,292.02,255.71,215.87,174.18,124.89,58.42,24.34
2025/8/15,13:31:02,291.95,255.96,216.06,174.58,125.39,58.49,24.34
2025/8/15,13:31:04,291.83,256.22,216.22,174.96,125.68,58.65,24.34
2025/8/15,13:31:06,291.72,256.47,216.37,175.22,126.15,58.68,24.35
2025/8/15,13:31:08,291.62,256.62,216.55,175.59,126.54,58.95,24.35
2025/8/15,13:31:10,291.49,256.83,216.74,175.91,126.79,59.06,24.35
2025/8/15,13:31:12,291.35,257.06,216.86,176.12,127.14,59.07,24.35
2025/8/15,13:31:14,291.23,257.25,217.02,176.41,127.43,58.9,24.36
2025/8/15,13:31:16,291.07,257.52,217.19,176.66,127.6,58.92,24.36
2025/8/15,13:31:18,290.89,257.85,217.31,176.87,127.93,59,24.36
2025/8/15,13:31:20,290.79,258.06,217.53,177.18,128.19,59.38,24.37
2025/8/15,13:31:22,290.6,258.42,217.78,177.44,128.37,59.46,24.37
2025/8/15,13:31:24,290.38,258.73,217.94,177.65,128.66,59.71,24.37
2025/8/15,13:31:26,290.18,258.95,218.21,177.87,129.03,59.92,24.38
2025/8/15,13:31:28,290.05,259.29,218.47,178.06,129.46,60.15,24.38
2025/8/15,13:31:30,289.85,259.6,218.72,178.19,129.62,60.32,24.38
2025/8/15,13:31:32,289.64,259.85,218.88,178.4,129.93,60.52,24.39
2025/8/15,13:31:34,289.51,260.11,219.06,178.59,130.28,60.67,24.39
2025/8/15,13:31:36,289.29,260.36,219.25,178.77,130.56,60.77,24.39
2025/8/15,13:31:38,289.06,260.5,219.34,178.88,130.87,60.92,24.39
2025/8/15,13:31:40,288.91,260.7,219.43,179.06,131.24,61.03,24.39
2025/8/15,13:31:42,288.68,260.85,219.5,179.16,131.46,61.07,24.39
2025/8/15,13:31:44,288.43,260.93,219.53,179.34,131.83,60.84,24.4
2025/8/15,13:31:46,288.26,261.02,219.53,179.49,132.18,60.81,24.4
2025/8/15,13:31:48,288.04,261.14,219.53,179.59,132.41,60.89,24.4
2025/8/15,13:31:50,287.77,261.23,219.53,179.68,132.81,61,24.4
2025/8/15,13:31:52,287.63,261.36,219.58,179.77,133.15,60.96,24.41
2025/8/15,13:31:54,287.36,261.5,219.56,179.9,133.41,61.1,24.41
2025/8/15,13:31:56,287.12,261.63,219.59,179.96,133.72,61.17,24.41
2025/8/15,13:31:58,286.94,261.75,219.59,180.03,134.09,61.06,24.41
2025/8/15,13:32:00,286.68,261.98,219.62,180.15,134.33,60.92,24.41
2025/8/15,13:32:02,286.42,262.19,219.68,180.21,134.62,60.75,24.41
2025/8/15,13:32:04,286.26,262.37,219.74,180.25,134.87,60.9,24.42
2025/8/15,13:32:06,286.01,262.63,219.8,180.24,135.06,61.03,24.42
2025/8/15,13:32:08,285.76,262.89,219.84,180.3,135.4,61.35,24.42
2025/8/15,13:32:10,285.58,263.05,219.93,180.37,135.69,61.5,24.42
2025/8/15,13:32:12,285.31,263.27,220.02,180.46,135.87,61.43,24.42
2025/8/15,13:32:14,285.04,263.43,220.06,180.53,136.09,61.09,24.43
2025/8/15,13:32:16,284.85,263.55,220.12,180.58,136.25,61.1,24.43
2025/8/15,13:32:18,284.56,263.66,220.15,180.49,136.5,61,24.43
2025/8/15,13:32:20,284.25,263.75,220.18,180.58,136.69,61.02,24.44
2025/8/15,13:32:22,283.97,263.76,220.19,180.65,136.94,61.14,24.44
2025/8/15,13:32:24,283.76,263.81,220.19,180.65,137.15,61.2,24.44
2025/8/15,13:32:26,283.48,263.82,220.18,180.65,137.31,61.14,24.44
2025/8/15,13:32:28,283.18,263.83,220.15,180.68,137.56,61.1,24.44
2025/8/15,13:32:30,282.99,263.81,220.09,180.63,137.78,61.07,24.45
2025/8/15,13:32:32,282.68,263.75,220,180.65,137.9,61.34,24.44
2025/8/15,13:32:34,282.39,263.69,219.9,180.59,138.09,61.5,24.44
2025/8/15,13:32:36,282.2,263.6,219.77,180.56,138.27,61.64,24.44
2025/8/15,13:32:38,281.92,263.49,219.61,180.46,138.37,61.75,24.45
2025/8/15,13:32:40,281.62,263.37,219.49,180.43,138.61,61.75,24.45
2025/8/15,13:32:42,281.43,263.27,219.33,180.37,138.83,61.63,24.45
2025/8/15,13:32:44,281.12,263.16,219.16,180.31,138.97,61.46,24.45
2025/8/15,13:32:46,280.81,263.05,219.06,180.22,139.13,61.28,24.45
2025/8/15,13:32:48,280.62,263,218.96,180.12,139.33,61.27,24.46
2025/8/15,13:32:50,280.3,262.87,218.8,179.06,139.4,60.99,24.46
2025/8/15,13:32:52,279.92,262.75,218.69,179.44,139.53,60.89,24.46
2025/8/15,13:32:54,279.64,262.68,218.56,179.21,139.65,60.96,24.46
2025/8/15,13:32:56,279.26,262.58,218.46,179.19,139.78,60.89,24.46
2025/8/15,13:32:58,278.87,262.5,218.37,179.36,139.88,60.82,24.46
2025/8/15,13:33:00,278.55,262.47,218.34,179.4,140,60.85,24.46
2025/8/15,13:33:02,278.32,262.41,218.25,179.4,140,60.57,24.46
2025/8/15,13:33:04,278.01,262.37,218.21,179.37,140.05,60.43,24.46
2025/8/15,13:33:06,277.73,262.36,218.18,179.34,140.18,60.6,24.46
2025/8/15,13:33:08,277.5,262.35,218.15,179.18,140.28,60.67,24.46
2025/8/15,13:33:10,277.18,262.32,218.13,179.11,140.4,60.75,24.46
2025/8/15,13:33:12,276.87,262.32,218.11,178.96,140.5,60.7,24.46
2025/8/15,13:33:14,276.66,262.27,218.03,178.91,140.56,60.89,24.46
2025/8/15,13:33:16,276.37,262.19,217.93,178.87,140.58,61.29,24.46
2025/8/15,13:33:18,276.05,262.12,217.84,178.8,140.62,61.61,24.46
2025/8/15,13:33:20,275.83,262.01,217.69,178.71,140.71,61.71,24.46
2025/8/15,13:33:22,275.54,261.88,217.58,178.61,140.72,61.75,24.46
2025/8/15,13:33:24,275.23,261.74,217.49,178.5,140.84,61.85,24.46
2025/8/15,13:33:26,274.99,261.64,217.34,178.4,140.9,61.88,24.46
2025/8/15,13:33:28,274.64,261.51,217.19,178.3,140.96,61.88,24.46
2025/8/15,13:33:30,274.31,261.38,217.12,178.18,141.05,61.85,24.46
2025/8/15,13:33:32,274.1,261.31,217.02,178.11,141.15,61.82,24.46
2025/8/15,13:33:34,273.75,261.25,216.93,178.02,141.25,61.85,24.46
2025/8/15,13:33:36,273.43,261.22,216.93,177.96,141.37,61.92,24.46
2025/8/15,13:33:38,273.22,261.2,216.9,177.88,141.5,61.82,24.46
2025/8/15,13:33:40,272.89,261.2,216.9,177.75,141.58,61.85,24.46
2025/8/15,13:33:42,272.57,261.25,216.9,177.71,141.68,61.85,24.46
2025/8/15,13:33:44,272.26,261.3,216.96,177.59,141.72,61.85,24.46
2025/8/15,13:33:46,272.06,261.35,217.02,177.5,141.78,61.82,24.46
2025/8/15,13:33:48,271.73,261.43,217.06,177.43,141.71,61.65,24.46
2025/8/15,13:33:50,271.43,261.45,217.11,177.31,141.68,61.89,24.46
2025/8/15,13:33:52,271.2,261.54,217.19,177.21,141.66,62.02,24.46
2025/8/15,13:33:54,270.92,261.62,217.31,177.09,141.62,61.86,24.47
2025/8/15,13:33:56,270.58,261.68,217.4,176.96,141.41,61.82,24.47
2025/8/15,13:33:58,270.37,261.75,217.49,176.78,141.27,62,24.47
2025/8/15,13:34:00,270.04,261.81,217.59,176.68,141.25,62.09,24.47
2025/8/15,13:34:02,269.68,261.86,217.63,176.55,141.3,62.2,24.47
2025/8/15,13:34:04,269.49,261.88,217.72,176.44,141.34,62.35,24.47
2025/8/15,13:34:06,269.14,261.89,217.78,176.3,141.4,62.59,24.47
2025/8/15,13:34:08,268.8,261.91,217.81,176.18,141.4,62.6,24.47
2025/8/15,13:34:10,268.57,261.91,217.81,176.06,141.4,62.35,24.47
2025/8/15,13:34:12,268.25,261.87,217.81,175.93,141.43,62.13,24.47
2025/8/15,13:34:14,267.91,261.83,217.83,175.84,141.5,62.2,24.47
2025/8/15,13:34:16,267.69,261.8,217.8,175.71,141.52,62.32,24.47
2025/8/15,13:34:18,267.37,261.75,217.78,175.53,141.56,62.31,24.47
2025/8/15,13:34:20,267.06,261.72,217.75,175.49,141.5,62.14,24.47
2025/8/15,13:34:22,266.83,261.67,217.71,175.28,141.47,61.99,24.46
2025/8/15,13:34:24,266.51,261.64,217.68,175.13,141.44,62.18,24.46
2025/8/15,13:34:26,266.18,261.61,217.62,175.02,141.5,62.46,24.46
2025/8/15,13:34:28,265.85,261.58,217.58,174.81,141.53,62.74,24.46
2025/8/15,13:34:30,265.63,261.57,217.53,174.63,141.59,62.68,24.46
2025/8/15,13:34:32,265.31,261.54,217.52,174.56,141.65,62.53,24.46
2025/8/15,13:34:34,264.97,261.54,217.49,174.44,141.77,62.6,24.46
2025/8/15,13:34:36,264.75,261.5,217.43,174.3,141.81,62.57,24.46
2025/8/15,13:34:38,264.43,261.49,217.4,174.18,141.84,62.6,24.46
2025/8/15,13:34:40,264.12,261.47,217.37,174.08,141.9,62.77,24.46
2025/8/15,13:34:42,263.89,261.41,217.3,173.91,141.99,62.84,24.46
2025/8/15,13:34:44,263.58,261.37,217.27,173.84,142.06,62.72,24.46
2025/8/15,13:34:46,263.25,261.25,217.24,173.59,142.11,62.59,24.46
2025/8/15,13:34:48,263.05,261.18,217.19,173.28,142.13,62.34,24.46
2025/8/15,13:34:50,262.7,261.06,217.12,172.96,142.18,62.17,24.46
2025/8/15,13:34:52,262.32,260.88,217.03,172.71,142.19,61.88,24.45
2025/8/15,13:34:54,262.1,260.76,216.93,172.09,142.21,61.84,24.45
2025/8/15,13:34:56,261.73,260.57,216.81,172.09,142.22,61.9,24.45
2025/8/15,13:34:58,261.35,260.38,216.71,172.06,142.21,61.93,24.45
2025/8/15,13:35:00,261.11,260.25,216.59,171.96,142.24,62.09,24.44
2025/8/15,13:35:02,260.77,260,216.44,171.83,142.27,62.14,24.44
2025/8/15,13:35:04,260.45,259.81,216.34,171.75,142.31,62.24,24.44
2025/8/15,13:35:06,260.24,259.66,216.24,171.62,142.43,62.2,24.44
2025/8/15,13:35:08,259.91,259.45,216.12,171.49,142.5,62.2,24.45
2025/8/15,13:35:10,259.6,259.29,216.02,171.41,142.58,62.25,24.45
2025/8/15,13:35:12,259.27,259.14,215.93,171.28,142.59,62.17,24.45
2025/8/15,13:35:14,259.06,258.93,215.78,171.15,142.56,61.97,24.45
2025/8/15,13:35:16,258.74,258.68,215.65,171.03,142.43,62.03,24.45
2025/8/15,13:35:18,258.41,258.54,215.55,170.9,142.37,62.21,24.45
2025/8/15,13:35:20,258.19,258.31,215.4,170.71,142.33,62.07,24.45
2025/8/15,13:35:22,257.85,258.06,215.22,170.61,142.27,61.97,24.45
2025/8/15,13:35:24,257.5,257.91,215.12,169.88,142.16,61.82,24.45
2025/8/15,13:35:26,257.26,257.68,214.96,170.03,142.03,61.78,24.44
2025/8/15,13:35:28,256.89,257.5,214.86,169.99,141.96,61.67,24.44
2025/8/15,13:35:30,256.56,257.39,214.78,169.83,141.81,61.82,24.45
2025/8/15,13:35:32,256.37,257.24,214.72,169.69,141.63,61.86,24.44
2025/8/15,13:35:34,256.04,257.08,214.68,169.53,141.53,62.2,24.44
2025/8/15,13:35:36,255.72,256.95,214.63,169.43,141.5,62.31,24.45
2025/8/15,13:35:38,255.5,256.87,214.61,169.3,141.43,62.14,24.45
2025/8/15,13:35:40,255.18,256.72,214.59,168.97,141.38,62.22,24.44
2025/8/15,13:35:42,254.84,256.61,214.56,168.81,141.38,62.53,24.44
2025/8/15,13:35:44,254.62,256.52,214.56,168.02,141.43,62.47,24.44
2025/8/15,13:35:46,254.21,256.41,214.53,167.81,141.4,62.38,24.44
2025/8/15,13:35:48,253.84,256.31,214.53,167.81,141.31,62.25,24.44
2025/8/15,13:35:50,253.46,256.27,214.55,167.75,141.25,62.13,24.43
2025/8/15,13:35:52,253.25,256.25,214.62,167.49,141.25,62.07,24.43
2025/8/15,13:35:54,252.91,256.22,214.66,167.25,141.18,61.99,24.43
2025/8/15,13:35:56,252.61,256.19,214.72,166.21,141.15,61.75,24.43
2025/8/15,13:35:58,252.36,256.23,214.83,166.25,141.15,61.85,24.43
2025/8/15,13:36:00,251.93,256.24,214.93,166.31,141.09,61.88,24.43
2025/8/15,13:36:02,251.56,256.25,215,166.22,141,61.9,24.42
2025/8/15,13:36:04,251.36,256.25,215.08,166.12,140.75,62.1,24.42
2025/8/15,13:36:06,251.05,256.18,215.13,166,140.63,62.56,24.42
2025/8/15,13:36:08,250.77,256.17,215.18,165.46,140.56,62.81,24.42
2025/8/15,13:36:10,250.53,256.08,215.21,165.43,140.47,62.82,24.42
2025/8/15,13:36:12,250.18,256.01,215.28,165.31,140.5,62.9,24.42
2025/8/15,13:36:14,249.9,255.99,215.31,165.12,140.5,62.79,24.42
2025/8/15,13:36:16,249.68,255.96,215.4,164.91,140.59,62.82,24.42
2025/8/15,13:36:18,249.38,255.93,215.46,164.84,140.65,62.78,24.42
2025/8/15,13:36:20,249.08,255.9,215.5,164.78,140.75,62.82,24.42
2025/8/15,13:36:22,248.93,255.87,215.5,164.63,140.78,62.95,24.42
2025/8/15,13:36:24,248.65,255.86,215.53,164.46,140.75,63,24.42
2025/8/15,13:36:26,248.34,255.78,215.53,163.4,140.68,62.75,24.41
2025/8/15,13:36:28,248.09,255.77,215.56,163.3,140.65,62.78,24.41
2025/8/15,13:36:30,247.59,255.72,215.56,163.44,140.65,62.82,24.41
2025/8/15,13:36:32,247.25,255.68,215.61,163.46,140.72,62.72,24.41
2025/8/15,13:36:34,247.05,255.65,215.62,163.4,140.71,62.49,24.41
2025/8/15,13:36:36,246.81,255.61,215.68,163.33,140.71,62.57,24.41
2025/8/15,13:36:38,246.55,255.59,215.72,163.25,140.75,62.68,24.41
2025/8/15,13:36:40,246.31,255.62,215.83,163.15,140.68,62.4,24.41
2025/8/15,13:36:42,246.15,255.61,215.93,163.05,140.5,62.4,24.41
2025/8/15,13:36:44,245.88,255.62,216.03,162.96,140.47,62.7,24.41
2025/8/15,13:36:46,245.68,255.59,216.11,162.84,140.52,63.13,24.41
2025/8/15,13:36:48,245.47,255.53,216.15,162.31,140.55,63.15,24.41
2025/8/15,13:36:50,245.22,255.41,216.21,162.4,140.56,63.11,24.41
2025/8/15,13:36:52,244.93,255.33,216.22,162.37,140.5,62.82,24.41
2025/8/15,13:36:54,244.74,255.12,216.19,162.19,140.4,62.75,24.4
2025/8/15,13:36:56,244.49,254.94,216.15,162.03,140.31,62.79,24.4
2025/8/15,13:36:58,244.19,254.75,216.11,161.87,140.33,62.72,24.4
2025/8/15,13:37:00,244.03,254.65,216.06,161.77,140.27,62.93,24.4
2025/8/15,13:37:02,243.74,254.44,216,161.66,140.22,63.04,24.4
2025/8/15,13:37:04,243.46,254.28,215.99,161.56,140.25,63.43,24.39
2025/8/15,13:37:06,243.28,254.18,215.96,161.37,140.25,63.49,24.39
2025/8/15,13:37:08,243,254.06,215.99,161.21,140.18,63.31,24.39
2025/8/15,13:37:10,242.71,253.96,215.99,160.83,140.15,62.97,24.39
2025/8/15,13:37:12,242.5,253.91,216.02,160.56,140.12,62.78,24.39
2025/8/15,13:37:14,242.18,253.83,216.11,160.46,140.09,62.89,24.39
2025/8/15,13:37:16,241.87,253.77,216.15,159.94,140.05,62.93,24.39
2025/8/15,13:37:18,241.65,253.69,216.21,159.97,139.99,62.96,24.39
2025/8/15,13:37:20,241.34,253.61,216.28,159.91,140.03,63,24.39
2025/8/15,13:37:22,241.02,253.49,216.33,159.9,139.96,63.03,24.39
2025/8/15,13:37:24,240.75,253.41,216.34,158.74,139.91,63,24.39
2025/8/15,13:37:26,240.52,253.28,216.37,159.13,139.9,63.03,24.39
2025/8/15,13:37:28,240.18,253.16,216.37,159.12,139.9,63.06,24.39
2025/8/15,13:37:30,239.87,253.08,216.37,159.03,139.84,62.84,24.38
2025/8/15,13:37:32,239.69,252.97,216.37,158.83,139.9,62.89,24.38
2025/8/15,13:37:34,239.44,252.88,216.43,158.81,139.88,62.89,24.38
2025/8/15,13:37:36,239.19,252.84,216.46,158.69,139.84,62.78,24.38
2025/8/15,13:37:38,239.03,252.78,216.52,158.66,139.86,62.86,24.38
2025/8/15,13:37:40,238.81,252.74,216.59,158.56,139.87,63,24.38
2025/8/15,13:37:42,238.59,252.66,216.65,158.5,139.96,63.28,24.38
2025/8/15,13:37:44,238.44,252.62,216.71,158.38,140.02,63.61,24.38
2025/8/15,13:37:46,238.22,252.59,216.8,158.27,140.08,63.92,24.39
2025/8/15,13:37:48,238,252.55,216.87,158.22,140.12,64.21,24.39
2025/8/15,13:37:50,237.86,252.53,216.93,158.09,140.18,64.31,24.39
2025/8/15,13:37:52,237.59,252.43,217.02,157.96,140.18,64.4,24.38
2025/8/15,13:37:54,237.36,252.38,217.08,157.9,140.21,64.51,24.38
2025/8/15,13:37:56,237.12,252.36,217.12,157.81,140.19,64.65,24.38
2025/8/15,13:37:58,236.96,252.25,217.16,157.66,140.15,64.7,24.38
2025/8/15,13:38:00,236.71,252.15,217.18,157.5,140.19,64.73,24.38
2025/8/15,13:38:02,236.47,252.06,217.19,157.34,140.18,64.68,24.38
2025/8/15,13:38:04,236.31,251.91,217.19,157.18,140.03,64.62,24.38
2025/8/15,13:38:06,236.05,251.8,217.18,157.09,139.93,64.84,24.38
2025/8/15,13:38:08,235.81,251.72,217.18,156.97,139.9,64.79,24.37
2025/8/15,13:38:10,235.62,251.59,217.15,156.84,139.78,64.59,24.37
2025/8/15,13:38:12,235.38,251.44,217.15,156.77,139.74,64.79,24.37
2025/8/15,13:38:14,235.15,251.34,217.15,156.59,139.75,64.95,24.37
2025/8/15,13:38:16,234.99,251.21,217.18,156.44,139.77,64.84,24.37
2025/8/15,13:38:18,234.71,251.09,217.21,156.37,139.78,64.79,24.37
2025/8/15,13:38:20,234.46,250.96,217.22,156.27,139.78,64.82,24.37
2025/8/15,13:38:22,234.28,250.87,217.22,156.15,139.69,64.87,24.36
2025/8/15,13:38:24,234.03,250.75,217.24,156.03,139.68,64.92,24.36
2025/8/15,13:38:26,233.8,250.66,217.28,155.97,139.59,65.07,24.37
2025/8/15,13:38:28,233.61,250.58,217.33,155.78,139.46,65.17,24.36
2025/8/15,13:38:30,233.37,250.5,217.37,155.62,139.44,65.32,24.37
2025/8/15,13:38:32,233.12,250.4,217.43,155.46,139.4,65.28,24.37
2025/8/15,13:38:34,232.93,250.31,217.41,155.3,139.37,65.09,24.36
2025/8/15,13:38:36,232.66,250.21,217.46,155.18,139.38,65.21,24.36
2025/8/15,13:38:38,232.44,250.16,217.53,155.12,139.44,65.15,24.37
2025/8/15,13:38:40,232.25,250.11,217.56,154.96,139.43,64.98,24.36
2025/8/15,13:38:42,232,250.03,217.62,154.84,139.4,65,24.36
2025/8/15,13:38:44,231.78,249.94,217.66,154.74,139.4,64.85,24.36
2025/8/15,13:38:46,231.53,249.9,217.72,154.62,139.37,64.92,24.36
2025/8/15,13:38:48,231.37,249.78,217.78,154.49,139.34,65.06,24.36
2025/8/15,13:38:50,231.15,249.69,217.84,154.43,139.33,65.18,24.37
2025/8/15,13:38:52,230.9,249.59,217.86,154.31,139.3,65.32,24.37
2025/8/15,13:38:54,230.75,249.46,217.9,154.13,139.22,65.26,24.37
2025/8/15,13:38:56,230.5,249.31,217.94,154.03,139.09,65.39,24.37
2025/8/15,13:38:58,230.25,249.24,217.99,153.93,138.88,65.84,24.37
2025/8/15,13:39:00,230.11,249.11,218.03,153.8,138.81,66.23,24.37
2025/8/15,13:39:02,229.87,248.96,218.05,153.69,138.75,66.37,24.37
2025/8/15,13:39:04,229.63,248.87,218.09,153.59,138.71,66.29,24.37
2025/8/15,13:39:06,229.47,248.74,218.11,153.44,138.65,66.14,24.37
2025/8/15,13:39:08,229.25,248.59,218.13,153.31,138.53,66.03,24.37
2025/8/15,13:39:10,229,248.41,218.13,153.24,138.4,66.26,24.37
2025/8/15,13:39:12,228.86,248.31,218.12,153.09,138.28,66.43,24.37
2025/8/15,13:39:14,228.62,248.15,218.09,152.96,138.28,66.48,24.37
2025/8/15,13:39:16,228.37,247.99,218.05,152.71,138.28,66.37,24.37
2025/8/15,13:39:18,228.21,247.87,217.99,152.65,138.24,66.25,24.37
2025/8/15,13:39:20,227.99,247.71,217.91,152.56,138.22,66.29,24.37
2025/8/15,13:39:22,227.74,247.55,217.88,152.47,138.25,66.31,24.37
2025/8/15,13:39:24,227.59,247.46,217.84,152.31,138.31,66.51,24.37
2025/8/15,13:39:26,227.36,247.33,217.8,152.18,138.36,66.68,24.37
2025/8/15,13:39:28,227.11,247.19,217.78,152.12,138.4,66.68,24.37
2025/8/15,13:39:30,226.9,247.12,217.72,151.83,138.4,66.48,24.38
2025/8/15,13:39:32,226.74,247,217.68,151.53,138.41,66.43,24.38
2025/8/15,13:39:34,226.5,246.91,217.65,151.38,138.4,66.31,24.38
2025/8/15,13:39:36,226.25,246.84,217.65,151.18,138.31,66.26,24.38
2025/8/15,13:39:38,226.09,246.74,217.65,151.03,138.22,66.35,24.38
2025/8/15,13:39:40,225.87,246.65,217.65,150.93,138.21,66.4,24.38
2025/8/15,13:39:42,225.65,246.62,217.65,150.87,138.28,66.45,24.39
2025/8/15,13:39:44,225.49,246.56,217.63,150.66,138.28,66.34,24.38
2025/8/15,13:39:46,225.24,246.5,217.65,150.59,138.21,66.18,24.38
2025/8/15,13:39:48,225.02,246.46,217.65,150.46,138.05,66.4,24.38
2025/8/15,13:39:50,224.86,246.41,217.65,150.34,137.93,66.67,24.38
2025/8/15,13:39:52,224.62,246.37,217.65,150.25,137.96,66.98,24.38
2025/8/15,13:39:54,224.4,246.34,217.63,150.16,137.96,67.04,24.38
2025/8/15,13:39:56,224.25,246.28,217.65,150.09,138.05,67.04,24.38
2025/8/15,13:39:58,224.03,246.25,217.68,149.96,138.09,67,24.38
2025/8/15,13:40:00,223.83,246.24,217.69,149.9,138.09,67.03,24.38
2025/8/15,13:40:02,223.66,246.22,217.75,149.81,138.12,67.15,24.38
2025/8/15,13:40:04,223.46,246.24,217.83,149.71,138.12,67.2,24.38
2025/8/15,13:40:06,223.27,246.24,217.87,149.62,138.18,67.32,24.37
2025/8/15,13:40:08,223.11,246.24,218,149.49,138.25,67.48,24.37
2025/8/15,13:40:10,222.9,246.22,218.15,149.41,138.31,67.57,24.38
2025/8/15,13:40:12,222.71,246.27,218.27,149.37,138.4,67.46,24.38
2025/8/15,13:40:14,222.56,246.25,218.43,149.25,138.4,67.18,24.38
2025/8/15,13:40:16,222.37,246.28,218.58,149.12,138.43,67.17,24.38
2025/8/15,13:40:18,222.19,246.28,218.71,149.06,138.41,67.06,24.38
2025/8/15,13:40:20,222.05,246.31,218.84,148.96,138.33,66.95,24.38
2025/8/15,13:40:22,221.86,246.31,218.96,148.84,138.31,66.95,24.38
2025/8/15,13:40:24,221.66,246.31,219.03,148.59,138.31,66.68,24.38
2025/8/15,13:40:26,221.43,246.28,219.16,148.4,138.33,66.84,24.38
2025/8/15,13:40:28,221.28,246.27,219.27,148.24,138.21,67.03,24.38
2025/8/15,13:40:30,221.06,246.27,219.37,148.13,138.19,67.29,24.38
2025/8/15,13:40:32,220.81,246.25,219.41,147.25,138.15,67.48,24.38
2025/8/15,13:40:34,220.61,246.21,219.49,147.27,138.12,67.64,24.38
2025/8/15,13:40:36,220.31,246.18,219.55,147.21,138.08,67.95,24.38
2025/8/15,13:40:38,220.06,246.15,219.59,147.09,138,68.06,24.38
2025/8/15,13:40:40,219.93,246.09,219.68,147.02,137.91,68.15,24.37
2025/8/15,13:40:42,219.74,246.05,219.72,146.93,137.93,68.51,24.37
2025/8/15,13:40:44,219.53,246.02,219.78,146.81,137.96,68.9,24.37
2025/8/15,13:40:46,219.41,245.96,219.84,146.75,138.05,69.04,24.37
2025/8/15,13:40:48,219.21,245.88,219.93,146.69,138.06,68.87,24.38
2025/8/15,13:40:50,219.02,245.86,220,146.61,138,68.78,24.37
2025/8/15,13:40:52,218.9,245.81,220.12,146.5,137.93,68.85,24.38
2025/8/15,13:40:54,218.71,245.77,220.24,146.43,137.9,68.98,24.38
2025/8/15,13:40:56,218.53,245.72,220.34,146.37,137.9,69.23,24.38
2025/8/15,13:40:58,218.38,245.68,220.46,146.25,137.96,69.21,24.38
2025/8/15,13:41:00,218.21,245.63,220.62,146.15,137.97,69.35,24.38
2025/8/15,13:41:02,218,245.58,220.72,146.09,138.11,69.34,24.37
2025/8/15,13:41:04,217.87,245.56,220.91,146.03,138.12,69.23,24.37
2025/8/15,13:41:06,217.71,245.53,221.09,145.93,138.16,69.4,24.37
2025/8/15,13:41:08,217.53,245.49,221.21,145.87,138.21,69.73,24.37
2025/8/15,13:41:10,217.4,245.46,221.4,145.75,138.25,70.01,24.37
2025/8/15,13:41:12,217.19,245.4,221.53,145.65,138.25,70.07,24.36
2025/8/15,13:41:14,217.03,245.36,221.62,145.61,138.28,70.09,24.36
2025/8/15,13:41:16,216.9,245.33,221.78,145.5,138.28,70.04,24.35
2025/8/15,13:41:18,216.69,245.28,221.93,145.41,138.27,69.84,24.35
2025/8/15,13:41:20,216.52,245.24,222.09,145.33,138.21,69.59,24.35
2025/8/15,13:41:22,216.34,245.21,222.19,145.25,138.21,69.48,24.35
2025/8/15,13:41:24,216.19,245.13,222.34,145.15,138.28,69.45,24.34
2025/8/15,13:41:26,216.03,245.09,222.52,145.09,138.31,69.45,24.34
2025/8/15,13:41:28,215.83,245.03,222.61,144.91,138.3,69.46,24.34
2025/8/15,13:41:30,215.71,244.94,222.75,144.81,138.31,69.54,24.34
2025/8/15,13:41:32,215.52,244.86,222.88,144.75,138.3,69.48,24.34
2025/8/15,13:41:34,215.31,244.8,222.96,144.68,138.33,69.54,24.34
2025/8/15,13:41:36,215.21,244.71,223.09,144.62,138.4,69.75,24.34
2025/8/15,13:41:38,215.03,244.61,223.24,144.53,138.44,70.06,24.34
2025/8/15,13:41:40,214.87,244.55,223.36,144.41,138.49,70.04,24.34
2025/8/15,13:41:42,214.74,244.44,223.53,144.31,138.5,70.03,24.34
2025/8/15,13:41:44,214.56,244.36,223.69,144.24,138.55,70.21,24.34
2025/8/15,13:41:46,214.37,244.28,223.81,144.18,138.55,70.4,24.34
2025/8/15,13:41:48,214.25,244.22,223.99,144.08,138.58,70.43,24.34
2025/8/15,13:41:50,214.06,244.18,224.16,143.81,138.59,70.32,24.34
2025/8/15,13:41:52,213.87,244.13,224.34,143.81,138.62,70.26,24.34
2025/8/15,13:41:54,213.75,244.12,224.61,143.71,138.56,70.12,24.34
2025/8/15,13:41:56,213.56,244.09,224.93,143.65,138.46,70.26,24.34
2025/8/15,13:41:58,213.38,244.09,225.12,143.59,138.31,70.54,24.34
2025/8/15,13:42:00,213.28,244.06,225.4,143.47,138.3,70.79,24.34
2025/8/15,13:42:02,213.12,244.06,225.68,143.4,138.3,70.79,24.34
2025/8/15,13:42:04,212.93,244.03,225.96,143.34,138.28,70.81,24.34
2025/8/15,13:42:06,212.78,244,226.09,143.24,138.24,70.7,24.34
2025/8/15,13:42:08,212.68,243.97,226.27,143.15,138.21,70.65,24.34
2025/8/15,13:42:10,212.53,243.96,226.5,143.08,138.16,70.46,24.34
2025/8/15,13:42:12,212.36,243.96,226.65,142.96,138.09,70.73,24.34
2025/8/15,13:42:14,212.24,243.96,226.8,142.87,138.06,70.98,24.33
2025/8/15,13:42:16,212.06,243.96,226.96,142.78,138.12,71.32,24.33
2025/8/15,13:42:18,211.9,243.94,227.09,142.69,138.18,71.4,24.33
2025/8/15,13:42:20,211.78,243.9,227.28,142.46,138.21,71.23,24.33
2025/8/15,13:42:22,211.59,243.9,227.5,142.46,138.25,71.23,24.33
2025/8/15,13:42:24,211.4,243.87,227.65,142.43,138.33,71.34,24.33
2025/8/15,13:42:26,211.31,243.87,227.97,142.31,138.4,71.29,24.33
2025/8/15,13:42:28,211.13,243.87,228.31,142.18,138.46,71.12,24.33
2025/8/15,13:42:30,210.97,243.88,228.5,142.18,138.56,70.87,24.33
2025/8/15,13:42:32,210.87,243.87,228.81,142.09,138.63,71.03,24.33
2025/8/15,13:42:34,210.71,243.84,229.11,142,138.68,71.18,24.33
2025/8/15,13:42:36,210.56,243.84,229.31,141.44,138.72,71.25,24.33
2025/8/15,13:42:38,210.41,243.81,229.53,141.41,138.74,71.17,24.33
2025/8/15,13:42:40,210.21,243.81,229.84,141.53,138.69,71.31,24.33
2025/8/15,13:42:42,210.03,243.75,230.09,141.47,138.65,71.54,24.33
2025/8/15,13:42:44,209.87,243.75,230.37,141.41,138.53,71.7,24.33
2025/8/15,13:42:46,209.78,243.71,230.65,140.71,138.46,71.51,24.32
2025/8/15,13:42:48,209.59,243.66,230.96,140.9,138.41,71.32,24.32
2025/8/15,13:42:50,209.38,243.68,231.18,140.71,138.33,71.34,24.32
2025/8/15,13:42:52,209.25,243.66,231.43,140.31,138.28,71.29,24.31
2025/8/15,13:42:54,208.99,243.68,231.72,140.37,138.25,71.39,24.31
2025/8/15,13:42:56,208.78,243.71,231.9,140.31,138.22,71.62,24.31
2025/8/15,13:42:58,208.68,243.75,232.18,140.21,138.25,71.87,24.31
2025/8/15,13:43:00,208.53,243.75,232.41,140.13,138.27,71.7,24.3
2025/8/15,13:43:02,208.38,243.74,232.56,140.06,138.25,71.48,24.3
2025/8/15,13:43:04,208.28,243.68,232.75,138.94,138.18,71.62,24.3
2025/8/15,13:43:06,208.09,243.65,232.97,139.25,138.15,71.59,24.3
2025/8/15,13:43:08,207.84,243.58,233.09,139.31,138.12,71.53,24.3
2025/8/15,13:43:10,207.68,243.56,233.31,139.28,137.99,71.48,24.3
2025/8/15,13:43:12,207.5,243.5,233.5,139.19,137.87,71.68,24.29
2025/8/15,13:43:14,207.34,243.44,233.62,139.15,137.78,71.92,24.29
2025/8/15,13:43:16,207.24,243.37,233.74,139.03,137.61,72.26,24.29
2025/8/15,13:43:18,207.08,243.3,233.9,138.94,137.53,72.59,24.29
2025/8/15,13:43:20,206.93,243.22,234.03,138.93,137.55,72.78,24.29
2025/8/15,13:43:22,206.84,243.21,234.19,138.86,137.53,72.81,24.28
2025/8/15,13:43:24,206.66,243.19,234.44,138.5,137.46,72.76,24.28
2025/8/15,13:43:26,206.5,243.18,234.61,138.4,137.49,72.75,24.28
2025/8/15,13:43:28,206.3,243.15,234.8,138.56,137.49,72.75,24.27
2025/8/15,13:43:30,206.21,243.12,235,138.53,137.47,72.65,24.27
2025/8/15,13:43:32,206.06,243.09,235.22,138.53,137.34,72.76,24.27
2025/8/15,13:43:34,205.93,243.08,235.34,138.46,137.31,72.87,24.27
2025/8/15,13:43:36,205.86,243.03,235.52,138.4,137.34,72.87,24.27
2025/8/15,13:43:38,205.74,242.96,235.72,138.38,137.34,72.62,24.26
2025/8/15,13:43:40,205.59,242.93,235.9,138.34,137.34,72.67,24.26
2025/8/15,13:43:42,205.53,242.9,236.18,138.3,137.37,72.93,24.26
2025/8/15,13:43:44,205.4,242.9,236.59,138.22,137.4,73.18,24.27
2025/8/15,13:43:46,205.25,242.93,236.87,138.18,137.37,73.14,24.26
2025/8/15,13:43:48,205.18,243.05,237.31,138.09,137.24,73.28,24.27
2025/8/15,13:43:50,205.03,243.18,237.72,138.05,137.18,73.51,24.27
2025/8/15,13:43:52,204.9,243.28,238.02,138.02,137.22,73.51,24.27
2025/8/15,13:43:54,204.81,243.3,238.46,137.96,137.28,73.46,24.27
2025/8/15,13:43:56,204.71,243.28,238.88,137.9,137.33,73.5,24.27
2025/8/15,13:43:58,204.56,243.27,239.16,137.86,137.43,73.64,24.27
2025/8/15,13:44:00,204.49,243.25,239.56,137.78,137.53,73.64,24.27
2025/8/15,13:44:02,204.36,243.24,239.9,137.68,137.62,73.71,24.27
2025/8/15,13:44:04,204.24,243.21,240.18,137.63,137.66,73.78,24.27
2025/8/15,13:44:06,204.11,243.21,240.38,137.56,137.72,73.93,24.27
2025/8/15,13:44:08,204,243.22,240.68,137.46,137.81,73.95,24.27
2025/8/15,13:44:10,203.87,243.3,241,137.44,137.93,73.92,24.28
2025/8/15,13:44:12,203.75,243.34,241.24,137.37,138.03,73.84,24.28
2025/8/15,13:44:14,203.68,243.41,241.59,137.34,138.09,73.81,24.28
2025/8/15,13:44:16,203.53,243.49,241.94,137.3,138.13,73.84,24.28
2025/8/15,13:44:18,203.41,243.56,242.16,137.22,138.22,73.98,24.29
2025/8/15,13:44:20,203.33,243.63,242.5,137.12,138.34,74.04,24.29
2025/8/15,13:44:22,203.18,243.72,242.81,137.06,138.38,74.18,24.29
2025/8/15,13:44:24,203.05,243.78,242.99,137.03,138.5,74.31,24.29
2025/8/15,13:44:26,202.96,243.84,243.25,136.96,138.59,74.43,24.29
2025/8/15,13:44:28,202.84,243.88,243.49,136.88,138.61,74.45,24.29
2025/8/15,13:44:30,202.74,243.96,243.68,136.84,138.69,74.43,24.3
2025/8/15,13:44:32,202.63,244.03,243.94,136.8,138.8,74.31,24.3
2025/8/15,13:44:34,202.5,244.09,244.24,136.74,138.84,74.26,24.3
2025/8/15,13:44:36,202.4,244.18,244.46,136.68,138.96,74.31,24.3
2025/8/15,13:44:38,202.33,244.28,244.86,136.66,139.05,74.59,24.3
2025/8/15,13:44:40,202.19,244.38,245.28,136.61,139.11,74.76,24.31
2025/8/15,13:44:42,202.09,244.49,245.5,136.56,139.15,74.87,24.31
2025/8/15,13:44:44,202,244.56,245.88,136.5,139.22,74.87,24.31
2025/8/15,13:44:46,201.9,244.65,246.21,136.46,139.25,74.71,24.31
2025/8/15,13:44:48,201.8,244.74,246.41,136.44,139.27,74.6,24.31
2025/8/15,13:44:50,201.71,244.78,246.68,136.43,139.28,74.51,24.32
2025/8/15,13:44:52,201.62,244.84,246.93,136.37,139.3,74.64,24.32
2025/8/15,13:44:54,201.52,244.88,247.13,136.34,139.31,74.59,24.32
2025/8/15,13:44:56,201.41,244.87,247.28,136.25,139.4,74.73,24.33
2025/8/15,13:44:58,201.34,244.87,247.41,136.22,139.43,74.98,24.33
2025/8/15,13:45:00,201.21,244.88,247.59,136.18,139.46,75.29,24.33
2025/8/15,13:45:02,201.09,244.9,247.72,136.12,139.56,75.37,24.34
2025/8/15,13:45:04,201,244.93,247.93,136.03,139.62,75.34,24.34
2025/8/15,13:45:06,200.88,244.94,248.12,136,139.66,75.17,24.34
2025/8/15,13:45:08,200.75,244.94,248.24,135.96,139.75,75.29,24.34
2025/8/15,13:45:10,200.72,244.97,248.41,135.97,139.84,75.42,24.35
2025/8/15,13:45:12,200.59,245,248.58,135.94,139.86,75.48,24.35
2025/8/15,13:45:14,200.49,245.02,248.65,135.9,139.87,75.42,24.35
2025/8/15,13:45:16,200.4,245.02,248.8,135.86,139.91,75.4,24.35
2025/8/15,13:45:18,200.28,245.05,248.9,135.78,139.9,75.5,24.36
2025/8/15,13:45:20,200.19,245.08,248.96,135.77,139.91,75.62,24.36
2025/8/15,13:45:22,200.12,245.09,249.02,135.71,140,75.92,24.36
2025/8/15,13:45:24,200,245.09,248.99,135.62,140.02,76.04,24.36
2025/8/15,13:45:26,199.91,245.08,249,135.59,140.03,76.26,24.37
2025/8/15,13:45:28,199.81,245.06,249.02,135.52,140.06,76.29,24.37
2025/8/15,13:45:30,199.68,245.03,249,135.46,140.09,76.34,24.37
2025/8/15,13:45:32,199.56,244.96,248.97,135.43,140.18,76.48,24.38
2025/8/15,13:45:34,199.46,244.93,249,135.41,140.28,76.48,24.38
2025/8/15,13:45:36,199.37,244.9,249.03,135.34,140.25,76.35,24.38
2025/8/15,13:45:38,199.25,244.88,249.03,135.33,140.28,76.54,24.39
2025/8/15,13:45:40,199.13,244.86,249.03,135.28,140.33,76.6,24.39
2025/8/15,13:45:42,199.05,244.81,249.06,135.19,140.36,76.56,24.39
2025/8/15,13:45:44,198.93,244.78,249.06,135.18,140.38,76.6,24.4
2025/8/15,13:45:46,198.78,244.75,249.06,135.11,140.4,76.6,24.4
2025/8/15,13:45:48,198.71,244.72,249.06,135.06,140.44,76.59,24.4
2025/8/15,13:45:50,198.61,244.71,249.09,135.02,140.46,76.53,24.4
2025/8/15,13:45:52,198.5,244.69,249.12,134.97,140.5,76.73,24.4
2025/8/15,13:45:54,198.43,244.65,249.21,134.88,140.55,76.95,24.4
2025/8/15,13:45:56,198.34,244.65,249.27,134.84,140.62,77.29,24.41
2025/8/15,13:45:58,198.25,244.62,249.31,134.83,140.58,77.45,24.41
2025/8/15,13:46:00,198.18,244.59,249.37,134.78,140.56,77.45,24.41
2025/8/15,13:46:02,198.08,244.55,249.4,134.77,140.56,77.43,24.41
2025/8/15,13:46:04,198,244.5,249.43,134.71,140.53,77.31,24.42
2025/8/15,13:46:06,197.93,244.47,249.4,134.68,140.49,77.32,24.42
2025/8/15,13:46:08,197.81,244.4,249.38,134.65,140.5,77.45,24.42
2025/8/15,13:46:10,197.71,244.34,249.31,134.61,140.59,77.68,24.43
2025/8/15,13:46:12,197.65,244.28,249.31,134.55,140.63,77.65,24.43
2025/8/15,13:46:14,197.56,244.18,249.31,134.52,140.69,77.6,24.43
2025/8/15,13:46:16,197.49,244.12,249.37,134.49,140.68,77.81,24.44
2025/8/15,13:46:18,197.4,244.06,249.46,134.43,140.59,77.81,24.44
2025/8/15,13:46:20,197.33,243.96,249.56,134.37,140.59,77.84,24.44
2025/8/15,13:46:22,197.25,243.84,249.65,134.31,140.5,77.65,24.45
2025/8/15,13:46:24,197.13,243.74,249.71,134.22,140.3,77.81,24.45
2025/8/15,13:46:26,197.09,243.62,249.8,134.18,140.09,77.93,24.46
2025/8/15,13:46:28,197,243.46,249.86,134.12,140.03,78.51,24.46
2025/8/15,13:46:30,196.9,243.37,249.9,134.03,140.03,79.09,24.46
2025/8/15,13:46:32,196.84,243.18,249.99,133.94,140.03,79.26,24.46
2025/8/15,13:46:34,196.74,242.96,250.09,133.9,140.05,79.31,24.47
2025/8/15,13:46:36,196.65,242.78,250.22,133.83,140.08,79.42,24.47
2025/8/15,13:46:38,196.59,242.5,250.53,133.78,140.06,79.2,24.47
2025/8/15,13:46:40,196.52,242.31,250.87,133.75,140.03,79.17,24.47
2025/8/15,13:46:42,196.46,242.16,251.12,133.75,139.93,79.32,24.48
2025/8/15,13:46:44,196.41,242.08,251.47,133.63,139.96,79.56,24.49
2025/8/15,13:46:46,196.31,241.96,251.84,133.62,139.94,79.5,24.49
2025/8/15,13:46:48,196.21,241.84,252.09,133.61,139.94,79.95,24.49
2025/8/15,13:46:50,196.15,241.77,252.46,133.21,139.96,80.23,24.49
2025/8/15,13:46:52,196.06,241.71,252.81,133.4,139.9,80.4,24.5
2025/8/15,13:46:54,195.9,241.63,253.11,133.38,139.81,80.65,24.5
2025/8/15,13:46:56,195.81,241.59,253.5,133.38,139.72,80.85,24.5
2025/8/15,13:46:58,195.72,241.52,253.94,133.31,139.65,80.87,24.5
2025/8/15,13:47:00,195.62,241.43,254.28,133,139.52,80.68,24.5
2025/8/15,13:47:02,195.55,241.37,254.9,133.12,139.47,80.62,24.51
2025/8/15,13:47:04,195.46,241.28,255.59,133.13,139.47,80.7,24.51
2025/8/15,13:47:06,195.34,241.16,256.35,133.12,139.5,80.89,24.51
2025/8/15,13:47:08,195.28,241.06,256.79,133.06,139.55,81.29,24.51
2025/8/15,13:47:10,195.24,240.87,257.29,133.02,139.56,81.42,24.52
2025/8/15,13:47:12,195.16,240.66,257.69,133.03,139.46,81.54,24.52
2025/8/15,13:47:14,195.11,240.58,257.91,133.02,139.43,81.84,24.52
2025/8/15,13:47:16,195.09,240.5,258.25,133,139.43,81.96,24.53
2025/8/15,13:47:18,195.05,240.46,258.56,132.99,139.4,82.04,24.53
2025/8/15,13:47:20,195,240.46,258.73,132.94,139.36,82.32,24.54
2025/8/15,13:47:22,194.96,240.47,258.99,132.87,139.34,82.45,24.54
2025/8/15,13:47:24,194.96,240.5,259.39,132.81,139.37,82.59,24.54
2025/8/15,13:47:26,194.96,240.5,259.82,132.83,139.38,82.79,24.55
2025/8/15,13:47:28,194.91,240.55,260.62,132.83,139.38,82.89,24.55
2025/8/15,13:47:30,194.87,240.65,261.51,132.8,139.37,82.65,24.56
2025/8/15,13:47:33,194.83,240.78,262.1,132.78,139.36,82.78,24.56
2025/8/15,13:47:35,194.83,240.9,262.94,132.75,139.3,82.96,24.56
2025/8/15,13:47:37,194.81,241.15,263.81,132.74,139.28,83.5,24.57
2025/8/15,13:47:39,194.83,241.37,264.38,132.71,139.25,83.81,24.57
2025/8/15,13:47:41,194.83,241.55,265.25,132.71,139.3,84.09,24.57
2025/8/15,13:47:43,194.86,241.88,266.12,132.66,139.33,84.01,24.57
2025/8/15,13:47:45,194.87,242.28,266.68,132.65,139.34,84.06,24.58
2025/8/15,13:47:47,194.87,242.5,267.55,132.65,139.31,84.56,24.58
2025/8/15,13:47:48,194.84,242.77,268.44,132.56,139.33,84.85,24.58
2025/8/15,13:47:51,194.81,243.05,269.41,132.53,139.3,84.81,24.58
2025/8/15,13:47:53,194.78,243.25,270.1,132.43,139.31,84.9,24.59
2025/8/15,13:47:55,194.74,243.56,271.14,132.31,139.21,85.07,24.59
2025/8/15,13:47:57,194.66,243.84,272.13,132.33,139.19,85.43,24.59
2025/8/15,13:47:59,194.62,244.08,272.85,132.28,139.3,86,24.6
2025/8/15,13:48:00,194.59,244.34,273.83,132.25,139.38,86.31,24.6
2025/8/15,13:48:02,194.52,244.59,274.79,132.25,139.41,86.76,24.6
2025/8/15,13:48:05,194.43,244.75,275.38,132.21,139.49,87.04,24.6
2025/8/15,13:48:06,194.37,244.93,276.17,132.24,139.5,87.2,24.61
2025/8/15,13:48:09,194.27,245.11,276.87,132.22,139.55,87.5,24.6
2025/8/15,13:48:11,194.12,245.19,277.32,132.18,139.63,87.5,24.61
2025/8/15,13:48:12,194.06,245.28,278,132.13,139.72,87.65,24.61
2025/8/15,13:48:15,193.93,245.4,278.63,132.08,139.78,87.81,24.61
2025/8/15,13:48:17,193.8,245.5,279.02,132.05,139.84,88.01,24.61
2025/8/15,13:48:18,193.71,245.59,279.56,132.03,139.93,88.26,24.61
2025/8/15,13:48:20,193.53,245.72,280.01,131.99,139.94,88.37,24.61
2025/8/15,13:48:23,193.43,245.87,280.29,131.97,139.88,88.34,24.62
2025/8/15,13:48:24,193.33,245.96,280.63,131.96,139.84,88.65,24.62
2025/8/15,13:48:27,193.18,246.06,281,131.91,139.86,88.98,24.62
2025/8/15,13:48:28,193.03,246.18,281.2,131.9,139.9,89.09,24.62
2025/8/15,13:48:31,192.93,246.25,281.52,131.84,140.03,89.06,24.62
2025/8/15,13:48:32,192.75,246.31,281.83,131.8,140.09,88.93,24.63
2025/8/15,13:48:35,192.59,246.36,282.05,131.77,140.25,88.93,24.63
2025/8/15,13:48:37,192.46,246.37,282.31,131.69,140.34,89.18,24.63
2025/8/15,13:48:39,192.28,246.36,282.51,131.62,140.44,89.25,24.63
2025/8/15,13:48:41,192.11,246.34,282.68,131.59,140.55,89.2,24.63
2025/8/15,13:48:43,191.93,246.33,282.74,131.5,140.65,89.18,24.63
2025/8/15,13:48:45,191.81,246.24,282.68,131.49,140.77,89.03,24.63
2025/8/15,13:48:47,191.62,246.11,282.52,131.43,140.81,88.82,24.63
2025/8/15,13:48:49,191.43,245.99,282.32,131.38,140.87,88.78,24.63
2025/8/15,13:48:51,191.31,245.83,282.04,131.31,141,88.76,24.64
2025/8/15,13:48:53,191.11,245.62,281.56,131.25,141.05,88.35,24.64
2025/8/15,13:48:55,190.88,245.46,281.2,131.18,141.18,88.04,24.64
2025/8/15,13:48:57,190.75,245.19,280.56,131.15,141.3,87.87,24.64
2025/8/15,13:48:59,190.52,244.9,279.87,131.06,141.37,87.56,24.65
2025/8/15,13:49:01,190.28,244.58,279.37,131.02,141.49,87.15,24.65
2025/8/15,13:49:03,190.15,244.36,278.68,130.93,141.5,86.68,24.65
2025/8/15,13:49:05,189.91,244,277.98,130.87,141.53,86.32,24.65
2025/8/15,13:49:07,189.71,243.66,277.55,130.86,141.62,85.87,24.66
2025/8/15,13:49:09,189.53,243.4,276.88,130.71,141.58,85.25,24.65
2025/8/15,13:49:11,189.33,243.08,276.29,130.63,141.53,84.71,24.66
2025/8/15,13:49:13,189.12,242.71,275.85,130.61,141.4,84.15,24.66
2025/8/15,13:49:15,188.97,242.47,275.2,130.52,141.4,83.93,24.66
2025/8/15,13:49:17,188.75,242.12,274.64,130.44,141.4,83.65,24.66
2025/8/15,13:49:19,188.53,241.8,274.08,130.38,141.31,83.31,24.66
2025/8/15,13:49:21,188.34,241.55,273.72,130.28,141.31,82.6,24.66
2025/8/15,13:49:23,188.21,241.21,273.19,130.18,141.37,82.23,24.66
2025/8/15,13:49:25,188,240.87,272.68,130.15,141.34,81.59,24.67
2025/8/15,13:49:27,187.8,240.65,272.35,130.03,141.37,80.93,24.67
2025/8/15,13:49:29,187.59,240.21,271.69,129.93,141.31,80.32,24.67
2025/8/15,13:49:31,187.46,240,271.35,129.87,141.25,80.01,24.67
2025/8/15,13:49:33,187.21,239.81,271,129.77,141.15,79.73,24.67
